HashTag,CreatedTime,LastModifiedTime,State
sportsbusiness,2020-11-18 22:33:53,2020-11-18 22:33:53,Follow
linkedin,2020-11-18 16:38:23,2020-11-18 16:38:25,Unfollow
hiring,2020-11-18 16:38:20,2020-11-18 16:38:20,Follow
jobs,2020-11-18 16:38:19,2020-11-18 16:38:19,Follow
jobsearch,2020-11-18 16:38:18,2020-11-18 16:38:18,Follow
interviewpreparation,2020-11-18 16:38:09,2020-11-18 16:38:09,Follow
dataanalysis,2020-11-18 16:38:02,2020-11-18 16:38:02,Follow
datascientists,2020-11-18 16:37:58,2020-11-18 16:37:58,Follow
pandas,2020-11-18 16:37:56,2020-11-18 16:37:56,Follow
strategy,2020-11-18 16:37:38,2020-11-18 16:37:38,Follow
nlp,2020-11-18 16:37:31,2020-11-18 16:37:31,Follow
statistics,2020-11-18 16:37:23,2020-11-18 16:37:23,Follow
tableau,2020-11-18 16:37:18,2020-11-18 16:37:18,Follow
businessintelligence,2020-11-18 16:37:07,2020-11-18 16:37:07,Follow
amazon,2020-11-18 16:37:02,2020-11-18 16:37:02,Follow
tech,2020-11-18 16:36:59,2020-11-18 16:36:59,Follow
github,2020-11-18 16:36:53,2020-11-18 16:36:53,Follow
dataanalytics,2020-11-18 16:36:48,2020-11-18 16:36:48,Follow
datavisualization,2020-11-18 16:36:47,2020-11-18 16:36:47,Follow
analytics,2020-11-18 16:36:46,2020-11-18 16:36:46,Follow
data,2020-11-18 16:36:46,2020-11-18 16:36:46,Follow
sql,2020-11-18 16:36:41,2020-11-18 16:36:41,Follow
datascientist,2020-11-18 16:36:39,2020-11-18 16:36:39,Follow
coding,2020-11-18 16:36:23,2020-11-18 16:36:23,Follow
aws,2020-11-18 16:36:22,2020-11-18 16:36:22,Follow
programming,2020-11-18 16:36:09,2020-11-18 16:36:09,Follow
python,2020-11-18 16:35:56,2020-11-18 16:35:56,Follow
machinelearning,2020-11-18 16:35:51,2020-11-18 16:35:51,Follow
technology,2020-11-18 16:35:44,2020-11-18 16:35:44,Follow
datascience,2020-11-18 16:35:38,2020-11-18 16:35:38,Follow
